"site";"date";"doy";"longitude";"latitude";"pluie";"tmin";"tmax";"tmoy";"hmin";"hmax";"hmoy";"etp";"irrig";"C10";"GDD10";"kv";"ieff";"Tv";"Peff";"D";"Nb_j_Es_co_PD";"Jours_Es";"Es_th";"Cumul_P_si_jour_Es";"Cumul_Es_reelle";"Cumul_ES_max_depuis_jours_Es_sup_0";"Es_max";"Es_reelle";"ETR";"ATSW";"FTSW";"PHFB80";"PHFB120";"PHFB180"
"RSH-StHil-Gre-sec";2021-01-01;1;4,58;43,96;0;4,9;7,9;6,4;63;97;80;1,5;0;0;0;0;0;0;0;0;0;0;0;0;0;0;0;0;0;80;100;0;0;0
"RSH-StHil-Gre-sec";2021-01-02;2;4,58;43,96;0;3,8;5,1;4,5;62;75;69;1,8;0;0;0;0;0;0;0;0;0;0;0;0;0;0;0;0;0;80;100;-0,0104063278732315;-0,0104063278732315;-0,0104063278732315
"RSH-StHil-Gre-sec";2021-01-03;3;4,58;43,96;9,2;2,7;4,9;3,8;61;71;66;1,7;0;0;0;0;0;0;9,2;9,2;0;0;0;0;0;0;0;0;0;80;100;-0,0104063278732315;-0,0104063278732315;-0,0104063278732315
"RSH-StHil-Gre-sec";2021-01-04;4;4,58;43,96;7,3;2,1;2,8;2,5;72;86;79;0,6;0;0;0;0;0;0;7,3;7,3;1;1;0,6;2,66453525910038e-15;0;2,66453525910038e-15;2,66453525910038e-15;2,66453525910038e-15;2,66453525910038e-15;80;100;-0,0104063278732315;-0,0104063278732315;-0,0104063278732315
"RSH-StHil-Gre-sec";2021-01-05;5;4,58;43,96;0;-0,3;5,9;2,8;63;92;77;0,9;0;0;0;0;0;0;0;0;0;0;0;0;0;0;0;0;0;80;100;-0,0104063278732315;-0,0104063278732316;-0,0104063278732315
"RSH-StHil-Gre-sec";2021-01-06;6;4,58;43,96;0;-1,3;5,9;2,3;55;84;70;1,2;0;0;0;0;0;0;0;0;0;0;0;0;0;0;0;0;0;80;100;-0,0104063278732315;-0,0104063278732316;-0,0104063278732315
"RSH-StHil-Gre-sec";2021-01-07;7;4,58;43,96;0;-3,5;5,7;1,1;53;85;69;1,1;0;0;0;0;0;0;0;0;0;0;0;0;0;0;0;0;0;80;100;-0,0104063278732315;-0,0104063278732316;-0,0104063278732315
"RSH-StHil-Gre-sec";2021-01-08;8;4,58;43,96;0;1,9;6,9;4,4;46;79;63;2,1;0;0;0;0;0;0;0;0;0;0;0;0;0;0;0;0;0;80;100;-0,0104063278732315;-0,0104063278732316;-0,0104063278732315
"RSH-StHil-Gre-sec";2021-01-09;9;4,58;43,96;0;1,7;5,4;3,5;54;74;64;2,2;0;0;0;0;0;0;0;0;0;0;0;0;0;0;0;0;0;80;100;-0,0104063278732315;-0,0104063278732316;-0,0104063278732315
"RSH-StHil-Gre-sec";2021-01-10;10;4,58;43,96;0;2,2;4,2;3,2;50;64;57;2,4;0;0;0;0;0;0;0;0;0;0;0;0;0;0;0;0;0;80;100;-0,0104063278732315;-0,0104063278732316;-0,0104063278732315
"RSH-StHil-Gre-sec";2021-01-11;11;4,58;43,96;0;1,1;4,6;2,8;41;66;54;2,4;0;0;0;0;0;0;0;0;0;0;0;0;0;0;0;0;0;80;100;-0,0104063278732315;-0,0104063278732316;-0,0104063278732315
"RSH-StHil-Gre-sec";2021-01-12;12;4,58;43,96;0;0,4;11,1;5,7;50;71;61;1,7;0;0;0;0;0;0;0;0;0;0;0;0;0;0;0;0;0;80;100;-0,0104063278732315;-0,0104063278732316;-0,0104063278732315
"RSH-StHil-Gre-sec";2021-01-13;13;4,58;43,96;0;0,5;16,3;8,4;48;90;69;1,2;0;0;0;0;0;0;0;0;0;0;0;0;0;0;0;0;0;80;100;-0,0104063278732315;-0,0104063278732316;-0,0104063278732315
"RSH-StHil-Gre-sec";2021-01-14;14;4,58;43,96;0;2,7;15;8,9;42;90;66;1,9;0;0;0;0;0;0;0;0;0;0;0;0;0;0;0;0;0;80;100;-0,0104063278732315;-0,0104063278732316;-0,0104063278732315
"RSH-StHil-Gre-sec";2021-01-15;15;4,58;43,96;0;1,1;11,8;6,5;51;96;73;1,5;0;0;0;0;0;0;0;0;0;0;0;0;0;0;0;0;0;80;100;-0,0104063278732315;-0,0104063278732316;-0,0104063278732315
"RSH-StHil-Gre-sec";2021-01-16;16;4,58;43,96;0,2;1,5;6,3;3,9;43;79;61;1,8;0;0;0;0;0;0;0,2;0,200000000000003;0;0;0;0;0;0;0;0;0;80;100;-0,0104063278732315;-0,0104063278732315;-0,0104063278732315
"RSH-StHil-Gre-sec";2021-01-17;17;4,58;43,96;0;1,6;12,1;6,8;54;90;72;1,7;0;0;0;0;0;0;0;0;0;0;0;0;0;0;0;0;0;80;100;-0,0104063278732315;-0,0104063278732316;-0,0104063278732315
"RSH-StHil-Gre-sec";2021-01-18;18;4,58;43,96;0;3,5;10,5;7;44;82;63;2,3;0;0;0;0;0;0;0;0;0;0;0;0;0;0;0;0;0;80;100;-0,0104063278732315;-0,0104063278732316;-0,0104063278732315
"RSH-StHil-Gre-sec";2021-01-19;19;4,58;43,96;0,3;-2,4;11,8;4,7;41;84;62;1,2;0;0;0;0;0;0;0,3;0,299999999999997;1;1;1,2;2,83106871279415e-15;0;2,83106871279415e-15;2,83106871279415e-15;2,83106871279415e-15;2,83106871279415e-15;80;100;-0,0104063278732315;-0,0104063278732315;-0,0104063278732315
"RSH-StHil-Gre-sec";2021-01-20;20;4,58;43,96;5,5;1,1;13,4;7,2;69;91;80;0;0;0;0;0;0;0;5,5;5,5;0;0;0;0;0;0;0;0;0;80;100;-0,0104063278732315;-0,0104063278732315;-0,0104063278732315
"RSH-StHil-Gre-sec";2021-01-21;21;4,58;43,96;0;10,2;14,7;12,4;72;95;84;1,1;0;2,4;2,4;0;0;0;0;0;0;0;0;0;0;0;0;0;0;80;100;-0,0104063278732315;-0,0104063278732315;-0,0104063278732315
"RSH-StHil-Gre-sec";2021-01-22;22;4,58;43,96;1,9;8,7;14,4;11,5;52;92;72;1,7;0;1,5;3,9;0;0;0;1,9;1,90000000000001;0;0;0;0;0;0;0;0;0;80;100;-0,0104063278732315;-0,0104063278732315;-0,0104063278732315
"RSH-StHil-Gre-sec";2021-01-23;23;4,58;43,96;1,5;1;12,9;6,9;54;92;73;1,1;0;0;3,9;0;0;0;1,5;1,5;0;0;0;0;0;0;0;0;0;80;100;-0,0104063278732315;-0,0104063278732315;-0,0104063278732315
"RSH-StHil-Gre-sec";2021-01-24;24;4,58;43,96;0;4,7;11,4;8;43;96;69;1,8;0;0;3,9;0;0;0;0;0;0;0;0;0;0;0;0;0;0;80;100;-0,0104063278732315;-0,0104063278732315;-0,0104063278732315
"RSH-StHil-Gre-sec";2021-01-25;25;4,58;43,96;0;2,4;10,9;6,6;37;93;65;1,6;0;0;3,9;0;0;0;0;0;0;0;0;0;0;0;0;0;0;80;100;-0,0104063278732315;-0,0104063278732315;-0,0104063278732315
"RSH-StHil-Gre-sec";2021-01-26;26;4,58;43,96;0,1;1,3;9,3;5,3;34;70;52;2,3;0;0;3,9;0;0;0;0,1;0,0999999999999943;1;1;2,3;5,68989300120393e-15;0;5,68989300120393e-15;5,68989300120393e-15;5,68989300120393e-15;5,68989300120393e-15;80;100;-0,0104063278732315;-0,0104063278732315;-0,0104063278732315
"RSH-StHil-Gre-sec";2021-01-27;27;4,58;43,96;0;2,7;14,1;8,4;44;81;62;1,7;0;0;3,9;0;0;0;0;0;0;0;0;0;0;0;0;0;0;80;100;-0,0104063278732315;-0,0104063278732315;-0,0104063278732315
"RSH-StHil-Gre-sec";2021-01-28;28;4,58;43,96;0;4,1;18,8;11,4;58;96;77;1,4;0;1,4;5,3;0;0;0;0;0;0;0;0;0;0;0;0;0;0;80;100;-0,0104063278732315;-0,0104063278732315;-0,0104063278732315
"RSH-StHil-Gre-sec";2021-01-29;29;4,58;43,96;0;8,4;18,6;13,5;39;94;67;2,6;0;3,5;8,8;0;0;0;0;0;0;0;0;0;0;0;0;0;0;80;100;-0,0104063278732315;-0,0104063278732315;-0,0104063278732315
"RSH-StHil-Gre-sec";2021-01-30;30;4,58;43,96;5,8;4,5;9,1;6,8;68;91;80;0,4;0;0;8,8;0;0;0;5,8;5,8;1;1;0,4;2,66453525910038e-15;0;2,66453525910038e-15;2,66453525910038e-15;2,66453525910038e-15;2,66453525910038e-15;80;100;-0,0104063278732315;-0,0104063278732315;-0,0104063278732315
"RSH-StHil-Gre-sec";2021-01-31;31;4,58;43,96;1,8;2,4;16,3;9,3;52;98;75;1,3;0;0;8,8;0;0;0;1,8;1,8;1;1;1,3;5,55111512312578e-15;0;8,21565038222616e-15;5,55111512312578e-15;5,55111512312578e-15;5,55111512312578e-15;80;100;-0,0104063278732315;-0,0104063278732315;-0,0104063278732315
"RSH-StHil-Gre-sec";2021-02-01;32;4,58;43,96;0;7,1;16,5;11,8;61;98;79;1,4;0;1,8;10,6;0;0;0;0;0;0;0;0;0;0;0;0;0;0;80;100;-0,0104063278732315;-0,0104063278732315;-0,0104063278732315
"RSH-StHil-Gre-sec";2021-02-02;33;4,58;43,96;0;5,9;16,5;11,2;68;94;81;0,7;0;1,2;11,8;0;0;0;0;0;0;0;0;0;0;0;0;0;0;80;100;-0,0104063278732315;-0,0104063278732315;-0,0104063278732315
"RSH-StHil-Gre-sec";2021-02-03;34;4,58;43,96;0;7;17,5;12,2;68;98;83;1;0;2,2;14;0;0;0;0;0;0;0;0;0;0;0;0;0;0;80;100;-0,0104063278732315;-0,0104063278732315;-0,0104063278732315
"RSH-StHil-Gre-sec";2021-02-04;35;4,58;43,96;0;5,9;13,8;9,8;81;98;90;0,3;0;0;14;0;0;0;0;0;0;0;0;0;0;0;0;0;0;80;100;-0,0104063278732315;-0,0104063278732315;-0,0104063278732315
"RSH-StHil-Gre-sec";2021-02-05;36;4,58;43,96;0;8,9;17,2;13,1;62;97;79;1,1;0;3,1;17,1;0;0;0;0;0;0;0;0;0;0;0;0;0;0;80;100;-0,0104063278732315;-0,0104063278732315;-0,0104063278732315
"RSH-StHil-Gre-sec";2021-02-06;37;4,58;43,96;16,5;7,2;17,2;12,2;60;98;79;1,3;0;2,2;19,3;0;0;0;16,5;16,5;0;0;0;0;0;0;0;0;0;80;100;-0,0104063278732315;-0,0104063278732315;-0,0104063278732315
"RSH-StHil-Gre-sec";2021-02-07;38;4,58;43,96;0;7,5;14,2;10,8;38;98;68;1,6;0;0,800000000000001;20,1;0;0;0;0;0;0;0;0;0;0;0;0;0;0;80;100;-0,0104063278732315;-0,0104063278732315;-0,0104063278732315
"RSH-StHil-Gre-sec";2021-02-08;39;4,58;43,96;5,3;2,1;11,5;6,8;63;94;78;0,7;0;0;20,1;0;0;0;5,3;5,3;1;1;0,7;2,66453525910038e-15;0;2,66453525910038e-15;2,66453525910038e-15;2,66453525910038e-15;2,66453525910038e-15;80;100;-0,0104063278732315;-0,0104063278732315;-0,0104063278732315
"RSH-StHil-Gre-sec";2021-02-09;40;4,58;43,96;2,5;5,4;13,1;9,2;67;99;83;1,1;0;0;20,1;0;0;0;2,5;2,5;0;0;0;0;0;0;0;0;0;80;100;-0,0104063278732315;-0,0104063278732315;-0,0104063278732315
"RSH-StHil-Gre-sec";2021-02-10;41;4,58;43,96;0;4,5;16,2;10,4;41;96;69;2,2;0;0,4;20,5;0;0;0;0;0;0;0;0;0;0;0;0;0;0;80;100;-0,0104063278732315;-0,0104063278732315;-0,0104063278732315
"RSH-StHil-Gre-sec";2021-02-11;42;4,58;43,96;0;2,8;10;6,4;46;81;64;2,6;0;0;20,5;0;0;0;0;0;0;0;0;0;0;0;0;0;0;80;100;-0,0104063278732315;-0,0104063278732315;-0,0104063278732315
"RSH-StHil-Gre-sec";2021-02-12;43;4,58;43,96;1,1;3,1;6,6;4,9;62;73;67;1,2;0;0;20,5;0;0;0;1,1;1,09999999999999;1;1;1,2;5,77315972805081e-15;0;5,77315972805081e-15;5,77315972805081e-15;5,77315972805081e-15;5,77315972805081e-15;80;100;-0,0104063278732315;-0,0104063278732315;-0,0104063278732315
"RSH-StHil-Gre-sec";2021-02-13;44;4,58;43,96;0;1,2;6,6;3,9;47;91;69;2,4;0;0;20,5;0;0;0;0;0;0;0;0;0;0;0;0;0;0;80;100;-0,0104063278732315;-0,0104063278732315;-0,0104063278732315
"RSH-StHil-Gre-sec";2021-02-14;45;4,58;43,96;0;-1,5;6,7;2,6;50;74;62;0,8;0;0;20,5;0;0;0;0;0;0;0;0;0;0;0;0;0;0;80;100;-0,0104063278732315;-0,0104063278732315;-0,0104063278732315
"RSH-StHil-Gre-sec";2021-02-15;46;4,58;43,96;0,4;-0,9;11,1;5,1;43;90;67;1,2;0;0;20,5;0;0;0;0,4;0,400000000000006;0;0;0;0;0;0;0;0;0;80;100;-0,0104063278732315;-0,0104063278732315;-0,0104063278732315
"RSH-StHil-Gre-sec";2021-02-16;47;4,58;43,96;0;6,7;10,8;8,7;82;97;89;0,4;0;0;20,5;0;0;0;0;0;0;0;0;0;0;0;0;0;0;80;100;-0,0104063278732315;-0,0104063278732315;-0,0104063278732315
"RSH-StHil-Gre-sec";2021-02-17;48;4,58;43,96;0;5,9;18,6;12,3;39;98;69;2,2;0;2,3;22,8;0;0;0;0;0;0;0;0;0;0;0;0;0;0;80;100;-0,0104063278732315;-0,0104063278732315;-0,0104063278732315
"RSH-StHil-Gre-sec";2021-02-18;49;4,58;43,96;0;4,5;12,7;8,6;79;99;89;0,1;0;0;22,8;0;0;0;0;0;0;0;0;0;0;0;0;0;0;80;100;-0,0104063278732315;-0,0104063278732315;-0,0104063278732315
"RSH-StHil-Gre-sec";2021-02-19;50;4,58;43,96;0;8,5;15;11,7;68;91;80;0,9;0;1,7;24,5;0;0;0;0;0;0;0;0;0;0;0;0;0;0;80;100;-0,0104063278732315;-0,0104063278732315;-0,0104063278732315
"RSH-StHil-Gre-sec";2021-02-20;51;4,58;43,96;0;10,1;16,4;13,2;58;82;70;2,3;0;3,2;27,7;0;0;0;0;0;0;0;0;0;0;0;0;0;0;80;100;-0,0104063278732315;-0,0104063278732315;-0,0104063278732315
"RSH-StHil-Gre-sec";2021-02-21;52;4,58;43,96;1,3;4;19,1;11,5;41;99;70;2,4;0;1,5;29,2;0;0;0;1,3;1,3;1;1;2,4;2,88657986402541e-15;0;2,88657986402541e-15;2,88657986402541e-15;2,88657986402541e-15;2,88657986402541e-15;80;100;-0,0104063278732315;-0,0104063278732315;-0,0104063278732315
"RSH-StHil-Gre-sec";2021-02-22;53;4,58;43,96;3,9;10,9;15;12,9;48;78;63;1,6;0;2,9;32,1;0;0;0;3,9;3,90000000000001;0;0;0;0;0;0;0;0;0;80;100;-0,0104063278732315;-0,0104063278732315;-0,0104063278732315
"RSH-StHil-Gre-sec";2021-02-23;54;4,58;43,96;0;8,9;18,4;13,6;57;95;76;2,1;0;3,6;35,7;0;0;0;0;0;0;0;0;0;0;0;0;0;0;80;100;-0,0104063278732315;-0,0104063278732315;-0,0104063278732315
"RSH-StHil-Gre-sec";2021-02-24;55;4,58;43,96;0;6,9;17,7;12,3;62;99;80;1,7;0;2,3;38;0;0;0;0;0;0;0;0;0;0;0;0;0;0;80;100;-0,0104063278732315;-0,0104063278732315;-0,0104063278732315
"RSH-StHil-Gre-sec";2021-02-25;56;4,58;43,96;0;4,7;15,1;9,9;67;99;83;1,3;0;0;38;0;0;0;0;0;0;0;0;0;0;0;0;0;0;80;100;-0,0104063278732315;-0,0104063278732315;-0,0104063278732315
"RSH-StHil-Gre-sec";2021-02-26;57;4,58;43,96;0;1,7;20,3;11;33;100;66;2,4;0;1;39;0;0;0;0;0;0;0;0;0;0;0;0;0;0;80;100;-0,0104063278732315;-0,0104063278732315;-0,0104063278732315
"RSH-StHil-Gre-sec";2021-02-27;58;4,58;43,96;0,5;8,4;13,9;11,2;52;80;66;3,5;0;1,2;40,2;0;0;0;0,5;0,5;0;0;0;0;0;0;0;0;0;80;100;-0,0104063278732315;-0,0104063278732315;-0,0104063278732315
"RSH-StHil-Gre-sec";2021-02-28;59;4,58;43,96;0;6,7;17,1;11,9;48;69;58;2,8;0;1,9;42,1;0;0;0;0;0;0;0;0;0;0;0;0;0;0;80;100;-0,0104063278732315;-0,0104063278732315;-0,0104063278732315
"RSH-StHil-Gre-sec";2021-03-01;60;4,58;43,96;0;0,8;18,1;9,4;33;98;66;2,1;0;0;42,1;0;0;0;0;0;0;0;0;0;0;0;0;0;0;80;100;-0,0104063278732315;-0,0104063278732315;-0,0104063278732315
"RSH-StHil-Gre-sec";2021-03-02;61;4,58;43,96;0;2,4;15,3;8,9;43;100;71;1,2;0;0;42,1;0;0;0;0;0;0;0;0;0;0;0;0;0;0;80;100;-0,0104063278732315;-0,0104063278732315;-0,0104063278732315
"RSH-StHil-Gre-sec";2021-03-03;62;4,58;43,96;0;3,8;14;8,9;54;100;77;0,9;0;0;42,1;0;0;0;0;0;0;0;0;0;0;0;0;0;0;80;100;-0,0104063278732315;-0,0104063278732315;-0,0104063278732315
"RSH-StHil-Gre-sec";2021-03-04;63;4,58;43,96;0;4,2;14,7;9,4;65;98;82;0,9;0;0;42,1;0;0;0;0;0;0;0;0;0;0;0;0;0;0;80;100;-0,0104063278732315;-0,0104063278732315;-0,0104063278732315
"RSH-StHil-Gre-sec";2021-03-05;64;4,58;43,96;0;7;18;12,5;36;98;67;3,5;0;2,5;44,6;0;0;0;0;0;0;0;0;0;0;0;0;0;0;80;100;-0,0104063278732315;-0,0104063278732315;-0,0104063278732315
"RSH-StHil-Gre-sec";2021-03-06;65;4,58;43,96;5,2;7;15,5;11,3;54;72;63;2,1;0;1,3;45,9;0;0;0;5,2;5,2;0;0;0;0;0;0;0;0;0;80;100;-0,0104063278732315;-0,0104063278732315;-0,0104063278732315
"RSH-StHil-Gre-sec";2021-03-07;66;4,58;43,96;0;6,7;15,4;11,1;55;96;75;1,2;0;1,1;47;0;0;0;0;0;0;0;0;0;0;0;0;0;0;80;100;-0,0104063278732315;-0,0104063278732315;-0,0104063278732315
"RSH-StHil-Gre-sec";2021-03-08;67;4,58;43,96;0;7,8;16,6;12,2;41;95;68;3,6;0;2,2;49,2;0;0;0;0;0;0;0;0;0;0;0;0;0;0;80;100;-0,0104063278732315;-0,0104063278732315;-0,0104063278732315
"RSH-StHil-Gre-sec";2021-03-09;68;4,58;43,96;0;5,3;15,5;10,4;31;72;52;4,1;0;0,4;49,6;0;0;0;0;0;0;0;0;0;0;0;0;0;0;80;100;-0,0104063278732315;-0,0104063278732315;-0,0104063278732315
"RSH-StHil-Gre-sec";2021-03-10;69;4,58;43,96;0;5,7;17,3;11,5;26;59;42;3,9;0;1,5;51,1;0;0;0;0;0;0;0;0;0;0;0;0;0;0;80;100;-0,0104063278732315;-0,0104063278732315;-0,0104063278732315
"RSH-StHil-Gre-sec";2021-03-11;70;4,58;43,96;0;4,5;17,9;11,2;52;94;73;1,7;0;1,2;52,3;0;0;0;0;0;0;0;0;0;0;0;0;0;0;80;100;-0,0104063278732315;-0,0104063278732315;-0,0104063278732315
"RSH-StHil-Gre-sec";2021-03-12;71;4,58;43,96;0;9,8;17,2;13,5;34;84;59;3,6;0;3,5;55,8;0;0;0;0;0;0;0;0;0;0;0;0;0;0;80;100;-0,0104063278732315;-0,0104063278732315;-0,0104063278732315
"RSH-StHil-Gre-sec";2021-03-13;72;4,58;43,96;0;2,4;18;10,2;30;93;62;2,8;0;0,199999999999999;56;0;0;0;0;0;0;0;0;0;0;0;0;0;0;80;100;-0,0104063278732315;-0,0104063278732315;-0,0104063278732315
"RSH-StHil-Gre-sec";2021-03-14;73;4,58;43,96;0;7;15,5;11,2;25;75;50;4,2;0;1,2;57,2;0;0;0;0;0;0;0;0;0;0;0;0;0;0;80;100;-0,0104063278732315;-0,0104063278732315;-0,0104063278732315
"RSH-StHil-Gre-sec";2021-03-15;74;4,58;43,96;0;3,7;16,9;10,3;38;66;52;2,7;0;0,300000000000001;57,5;0;0;0;0;0;0;0;0;0;0;0;0;0;0;80;100;-0,0104063278732315;-0,0104063278732315;-0,0104063278732315
"RSH-StHil-Gre-sec";2021-03-16;75;4,58;43,96;0;7,2;15;11,1;30;80;55;4,5;0;1,1;58,6;0;0;0;0;0;0;0;0;0;0;0;0;0;0;80;100;-0,0104063278732315;-0,0104063278732315;-0,0104063278732315
"RSH-StHil-Gre-sec";2021-03-17;76;4,58;43,96;0;6;14,1;10;42;79;60;3,4;0;0;58,6;0;0;0;0;0;0;0;0;0;0;0;0;0;0;80;100;-0,0104063278732315;-0,0104063278732315;-0,0104063278732315
"RSH-StHil-Gre-sec";2021-03-18;77;4,58;43,96;0;5,3;11,1;8,2;30;81;55;4,2;0;0;58,6;0;0;0;0;0;0;0;0;0;0;0;0;0;0;80;100;-0,0104063278732315;-0,0104063278732315;-0,0104063278732315
"RSH-StHil-Gre-sec";2021-03-19;78;4,58;43,96;0;4,7;11,1;7,9;39;60;49;3,3;0;0;58,6;0;0;0;0;0;0;0;0;0;0;0;0;0;0;80;100;-0,0104063278732315;-0,0104063278732315;-0,0104063278732315
"RSH-StHil-Gre-sec";2021-03-20;79;4,58;43,96;0;3,4;11,1;7,2;32;68;50;4,2;0;0;58,6;0;0;0;0;0;0;0;0;0;0;0;0;0;0;80;100;-0,0104063278732315;-0,0104063278732315;-0,0104063278732315
"RSH-StHil-Gre-sec";2021-03-21;80;4,58;43,96;0;4;14,5;9,2;30;51;41;5,1;0;0;58,6;0;0;0;0;0;0;0;0;0;0;0;0;0;0;80;100;-0,0104063278732315;-0,0104063278732315;-0,0104063278732315
"RSH-StHil-Gre-sec";2021-03-22;81;4,58;43,96;0;6,8;14,6;10,7;32;67;49;5;0;0,699999999999999;59,3;0;0;0;0;0;0;0;0;0;0;0;0;0;0;80;100;-0,0104063278732315;-0,0104063278732315;-0,0104063278732315
"RSH-StHil-Gre-sec";2021-03-23;82;4,58;43,96;0;5,7;17,7;11,7;27;60;43;5;0;1,7;61;0;0;0;0;0;0;0;0;0;0;0;0;0;0;80;100;-0,0104063278732315;-0,0104063278732315;-0,0104063278732315
"RSH-StHil-Gre-sec";2021-03-24;83;4,58;43,96;0;2,4;21,2;11,8;23;83;53;3,6;0;1,8;62,8;0;0;0;0;0;0;0;0;0;0;0;0;0;0;80;100;-0,0104063278732315;-0,0104063278732315;-0,0104063278732315
"RSH-StHil-Gre-sec";2021-03-25;84;4,58;43,96;0;2,6;22,2;12,4;27;96;61;3,4;0;2,4;65,2;0;0;0;0;0;0;0;0;0;0;0;0;0;0;80;100;-0,0104063278732315;-0,0104063278732315;-0,0104063278732315
"RSH-StHil-Gre-sec";2021-03-26;85;4,58;43,96;0,6;5,2;15,8;10,5;65;100;83;0,6;0;0,5;65,7;0;0;0;0,6;0,599999999999994;1;1;0,6;5,6621374255883e-15;0;5,6621374255883e-15;5,6621374255883e-15;5,6621374255883e-15;5,6621374255883e-15;80;100;-0,0104063278732315;-0,0104063278732315;-0,0104063278732315
"RSH-StHil-Gre-sec";2021-03-27;86;4,58;43,96;0;8,7;17,7;13,2;27;98;63;4,6;0;3,2;68,9;0;0;0;0;0;0;0;0;0;0;0;0;0;0;80;100;-0,0104063278732315;-0,0104063278732315;-0,0104063278732315
"RSH-StHil-Gre-sec";2021-03-28;87;4,58;43,96;0;7,5;20,7;14,1;34;62;48;4,1;0;4,1;73;0;0;0;0;0;0;0;0;0;0;0;0;0;0;80;100;-0,0104063278732315;-0,0104063278732315;-0,0104063278732315
"RSH-StHil-Gre-sec";2021-03-29;88;4,58;43,96;0;2,7;21,7;12,2;34;99;67;3,2;0;2,2;75,2;0;0;0;0;0;0;0;0;0;0;0;0;0;0;80;100;-0,0104063278732315;-0,0104063278732315;-0,0104063278732315
"RSH-StHil-Gre-sec";2021-03-30;89;4,58;43,96;0;4;24;14;33;97;65;3,6;0;4;79,2;0;0;0;0;0;0;0;0;0;0;0;0;0;0;80;100;-0,0104063278732315;-0,0104063278732315;-0,0104063278732315
"RSH-StHil-Gre-sec";2021-03-31;90;4,58;43,96;0;4,3;23,3;13,8;23;95;59;3,9;0;3,8;83;0;0;0;0;0;0;0;0;0;0;0;0;0;0;80;100;-0,0104063278732315;-0,0104063278732315;-0,0104063278732315
"RSH-StHil-Gre-sec";2021-04-01;91;4,58;43,96;0;2,2;22,6;12,4;25;93;59;3,7;0;2,4;85,4;0;0;0;0;0;0;0;0;0;0;0;0;0;0;8000;100;-0,0104063278732315;-0,0104063278732315;-0,0104063278732315
"RSH-StHil-Gre-sec";2021-04-02;92;4,58;43,96;0;3;25,2;14,1;28;90;59;4;0;4,1;89,5;0,0043820443062573;0;0,0175281772250292;0;7920;0;0;0;0;0;0;0;0;0,0175281772250292;79,982471822775;100;-0,0104063278732315;-0,0104063278732315;-0,0104063278732315
"RSH-StHil-Gre-sec";2021-04-03;93;4,58;43,96;0;10,4;18,8;14,6;28;61;45;7,2;0;4,6;94,1;0,00929848425961913;0;0,0669490866692577;0;0;0;0;0;0;0;0;0;0;0,0669490866692577;79,9155227361057;99,9780897784687;-0,0104473228260321;-0,0104336568436222;-0,0104245467432421
"RSH-StHil-Gre-sec";2021-04-04;94;4,58;43,96;0;8,4;19,3;13,8;26;48;37;6,1;0;3,8;97,9;0,0133598911776137;0;0,0814953361834434;0;0;0;0;0;0;0;0;0;0;0,0814953361834434;79,8340273999223;99,8944034201321;-0,010603986281404;-0,0105380769392014;-0,0104941502740715
"RSH-StHil-Gre-sec";2021-04-05;95;4,58;43,96;0;4,1;22,5;13,3;23;75;49;4,4;0;3,3;101,2;0,0168869024485037;0;0,0743023707734163;0;0;0;0;0;0;0;0;0;0;0,0743023707734163;79,7597250291489;99,7925342499028;-0,0107948657359994;-0,0106652634365847;-0,010578911755682
"RSH-StHil-Gre-sec";2021-04-06;96;4,58;43,96;0;6,2;12,7;9,4;20;64;42;5,4;0;0;101,2;0,0168869024485037;0;0,09118927322192;0;0;0;0;0;0;0;0;0;0;0,09118927322192;79,668535755927;99,6996562864361;-0,0109690676218498;-0,0107812995654226;-0,0106562254766302
"RSH-StHil-Gre-sec";2021-04-07;97;4,58;43,96;0;1,7;12,2;7;18;59;38;4,7;0;0;101,2;0,0168869024485037;0;0,0793684415079674;0;0;0;0;0;0;0;0;0;0;0,0793684415079674;79,589167314419;99,5856696949087;-0,0111830827774869;-0,0109238059757432;-0,0107511541864137
"RSH-StHil-Gre-sec";2021-04-08;98;4,58;43,96;0;1;17,1;9,1;21;65;43;3,7;0;0;101,2;0,0168869024485037;0;0,0624815390594637;0;0;0;0;0;0;0;0;0;0;0,0624815390594637;79,5266857753595;99,4864591430237;-0,0113695547121395;-0,0110479277500872;-0,0108338165476397
"RSH-StHil-Gre-sec";2021-04-09;99;4,58;43,96;0;6,5;16,4;11,4;50;79;65;2,7;0;1,4;102,6;0,0183832102603964;0;0,0496346677030704;0;0;0;0;0;0;0;0;0;0;0,0496346677030704;79,4770511076565;99,4083572191994;-0,0115164826303783;-0,0111456986008344;-0,0108989168763675
"RSH-StHil-Gre-sec";2021-04-10;100;4,58;43,96;0,4;9,6;14,1;11,9;50;76;63;1,5;0;1,9;104,5;0,0204139137193937;0;0,0306208705790906;0,4;0;1;1;1,46937912942091;0,4;0;0,4;0,4;0,4;0,430620870579091;79,4464302370774;99,8463138845706;-0,0106940707709316;-0,0105981072898484;-0,010534158971494
"RSH-StHil-Gre-sec";2021-04-11;101;4,58;43,96;23,8;7,7;14,5;11,1;80;99;89;0,7;0;1,1;105,6;0,0215895841430237;0;0,0151127089001166;23,8;23,2464302370774;1;1;0,684887291099883;0,953569762922637;0;1,08488729109988;0,684887291099883;0,684887291099883;0,7;79,3;100;-0,0104063278732315;-0,0104063278732315;-0,0104063278732315
"RSH-StHil-Gre-sec";2021-04-12;102;4,58;43,96;0;4,9;13,8;9,3;31;92;61;4,7;0;0;105,6;0,0215895841430237;0;0,101471045472211;0;0;0;0;0;0;0;0;0;0;0,101471045472211;79,1985289545278;99,125;-0,0120505144393243;-0,0115008451369776;-0,0111352941007109
"RSH-StHil-Gre-sec";2021-04-13;103;4,58;43,96;0;6,7;16,3;11,5;25;48;37;6,1;0;1,5;107,1;0,0231927710843374;0;0,141475903614458;0;0;0;0;0;0;0;0;0;0;0,141475903614458;79,0570530509133;98,9981611931597;-0,0122900571691351;-0,0116600375964322;-0,0112412001590547
"RSH-StHil-Gre-sec";2021-04-14;104;4,58;43,96;0;5,7;17,6;11,7;27;61;44;5,6;0;1,7;108,8;0,0250097162844928;0;0,14005441119316;0;0;0;0;0;0;0;0;0;0;0,14005441119316;78,9169986397202;98,8213163136417;-0,0126245521385639;-0,0118822178607481;-0,0113889597122164
"RSH-StHil-Gre-sec";2021-04-15;105;4,58;43,96;0;4,9;16;10,4;20;55;38;5,5;0;0,4;109,2;0,0254372328021765;0;0,139904780411971;0;0;0;0;0;0;0;0;0;0;0,139904780411971;78,7770938593082;98,6462482996502;-0,0129562763609831;-0,012102425952377;-0,0115353496758353
"RSH-StHil-Gre-sec";2021-04-16;106;4,58;43,96;0;5,2;15,4;10,3;26;50;38;5;0;0,300000000000001;109,5;0,0257578701904392;0;0,128789350952196;0;0;0;0;0;0;0;0;0;0;0,128789350952196;78,648304508356;98,4713673241352;-0,0132882344683709;-0,0123226578658104;-0,0116816976936665
"RSH-StHil-Gre-sec";2021-04-17;107;4,58;43,96;0;5,9;15,2;10,5;35;70;53;4,4;0;0,5;110;0,0262922658375437;0;0,115685969685192;0;0;0;0;0;0;0;0;0;0;0,115685969685192;78,5326185386708;98,310380635445;-0,013594340076534;-0,0125256217930679;-0,0118165196421418
"RSH-StHil-Gre-sec";2021-04-18;108;4,58;43,96;0;5,1;17,9;11,5;33;72;52;4,9;0;1,5;111,5;0,0278954527788574;0;0,136687718616401;0;0;0;0;0;0;0;0;0;0;0,136687718616401;78,3959308200544;98,1657731733385;-0,0138697293185635;-0,012708123531909;-0,0119377073264888
"RSH-StHil-Gre-sec";2021-04-19;109;4,58;43,96;0;7,5;19,9;13,7;23;62;43;5,6;0;3,7;115,2;0,031849980567431;0;0,178359891177614;0;0;0;0;0;0;0;0;0;0;0,178359891177614;78,2175709288768;97,994913525068;-0,0141956363125687;-0,012923986519606;-0,0120809967928351
"RSH-StHil-Gre-sec";2021-04-20;110;4,58;43,96;0;3,3;20,5;11,9;30;86;58;3,4;0;1,9;117,1;0,0338806840264283;0;0,115194325689856;0;0;0;0;0;0;0;0;0;0;0,115194325689856;78,102376603187;97,771963661096;-0,0146217585731116;-0,0132060350193394;-0,0122681363032071
"RSH-StHil-Gre-sec";2021-04-21;111;4,58;43,96;0;7,7;17,8;12,7;49;89;69;2,7;0;2,7;119,8;0,0367664205207929;0;0,0992693354061407;0;0;0;0;0;0;0;0;0;0;0,0992693354061407;78,0031072677808;97,6279707539837;-0,0148974877985396;-0,0133884232354583;-0,0123891005434918
"RSH-StHil-Gre-sec";2021-04-22;112;4,58;43,96;0;4,7;22,2;13,4;30;100;65;4;0;3,4;123,2;0,0404003109211038;0;0,161601243684415;0;0;0;0;0;0;0;0;0;0;0,161601243684415;77,8415060240964;97,503884084726;-0,0151354253833961;-0,0135457400346621;-0,0124934049124298
"RSH-StHil-Gre-sec";2021-04-23;113;4,58;43,96;0;6,5;23,9;15,2;27;98;63;4,5;0;5,2;128,4;0,0459580256509911;0;0,20681111542946;0;0;0;0;0;0;0;0;0;0;0,20681111542946;77,6346949086669;97,3018825301205;-0,0155234140990964;-0,013802120446778;-0,0126633272088095
"RSH-StHil-Gre-sec";2021-04-24;114;4,58;43,96;0;6,3;23,8;15,1;32;88;60;4,8;0;5,1;133,5;0,0514088612514575;0;0,246762534006996;0;0;0;0;0;0;0;0;0;0;0,246762534006996;77,38793237466;97,0433686358337;-0,0160211239641813;-0,0141307396997667;-0,0128810126737672
"RSH-StHil-Gre-sec";2021-04-25;115;4,58;43,96;0;6,2;21,9;14,1;34;91;62;2,9;0;4,1;137,6;0,0557909055577147;0;0,161793626117373;0;0;0;0;0;0;0;0;0;0;0,161793626117373;77,2261387485426;96,7349154683249;-0,0166167182619741;-0,0145235978251852;-0,0131410820964747
"RSH-StHil-Gre-sec";2021-04-26;116;4,58;43,96;0,6;10,3;22,5;16,4;24;83;53;3,2;0;6,4;144;0,0626311698406529;0;0,200419743490089;0,6;0;1;1;2,99958025650991;0,6;0;0,6;0,6;0,6;0,800419743490089;77,0257190050525;97,2826734356782;-0,0155603513493195;-0,01382651893704;-0,0126794938037078
"RSH-StHil-Gre-sec";2021-04-27;117;4,58;43,96;1,6;12,1;19,9;16;50;92;71;3,1;0;6;150;0,0690439176059075;0;0,214036144578313;1,6;0;1;1;2,88596385542169;2,2;0;2,8;2,2;2,2;2,41403614457831;76,2116828604742;98,2821487563156;-0,0136480727951696;-0,0125612378318421;-0,0118401730853007
"RSH-StHil-Gre-sec";2021-04-28;118;4,58;43,96;8,1;12,9;16,1;14,5;78;96;87;1;0;4,5;154,5;0,0738534784298484;0;0,0738534784298484;8,1;4,31168286047415;1;1;0,926146521570152;5,98831713952585;0;3,72614652157015;0,926146521570152;0,926146521570152;1;79;100;-0,0104063278732315;-0,0104063278732315;-0,0104063278732315
"RSH-StHil-Gre-sec";2021-04-29;119;4,58;43,96;10,5;12,6;20,7;16,6;55;98;76;2,6;0;6,6;161,1;0,0809075009716285;0;0,210359502526234;10,5;9,5;1;1;2,38964049747377;6,98831713952585;0;6,11578701904392;2,38964049747377;2,38964049747377;2,6;77,4;100;-0,0104063278732315;-0,0104063278732315;-0,0104063278732315
"RSH-StHil-Gre-sec";2021-04-30;120;4,58;43,96;18,8;13;18,9;15,9;68;94;81;2,6;0;5,9;167;0,0872133696074621;0;0,226754760979402;18,8;16,2;1;1;2,3732452390206;9,58831713952585;0;8,48903225806452;2,3732452390206;2,3732452390206;2,6;77,4;100;-0,0104063278732315;-0,0104063278732315;-0,0104063278732315
"RSH-StHil-Gre-sec";2021-05-01;121;4,58;43,96;23,4;10,1;11,8;11;80;93;87;1;0;1;168;0,0882821609016712;0;0,0882821609016712;23,4;20,8;1;1;0,911717839098329;12,1883171395258;0;9,40075009716284;0,911717839098329;0,911717839098329;1;79;100;-0,0104063278732315;-0,0104063278732315;-0,0104063278732315
"RSH-StHil-Gre-sec";2021-05-02;122;4,58;43,96;0;4,5;18,5;11,5;34;99;66;3,9;0;1,5;169,5;0,0898853478429849;0;0,350552856587641;0;0;0;0;0;0;0;0;0;0;0,350552856587641;78,6494471434124;98,75;-0,0127596134765504;-0,0119718913078114;-0,0114485798094463
"RSH-StHil-Gre-sec";2021-05-03;123;4,58;43,96;0;6,4;21,5;14;24;81;52;4,9;0;4;173,5;0,0941605130198212;0;0,461386513797124;0;0;0;0;0;0;0;0;0;0;0,461386513797124;78,1880606296152;98,3118089292655;-0,013591622066441;-0,0125238201035297;-0,0118153230578516
"RSH-StHil-Gre-sec";2021-05-04;124;4,58;43,96;0;6,1;21,1;13,6;42;94;68;3,7;0;3,6;177,1;0,098008161678974;0;0,362630198212204;0;0;0;0;0;0;0;0;0;0;0,362630198212204;77,825430431403;97,735075787019;-0,0146923557392873;-0,0132527420043443;-0,0122991172790348
"RSH-StHil-Gre-sec";2021-05-05;125;4,58;43,96;0;11,9;22,2;17,1;36;97;67;5;0;7,1;184,2;0,105596579867859;0;0,527982899339293;0;0;0;0;0;0;0;0;0;0;0,527982899339293;77,2974475320637;97,2817880392538;-0,0155620540577385;-0,0138276436027411;-0,0126802389972069
"RSH-StHil-Gre-sec";2021-05-06;126;4,58;43,96;0;6,7;22,6;14,7;46;92;69;3,1;0;4,7;188,9;0,110619898950641;0;0,342921686746988;0;0;0;0;0;0;0;0;0;0;0,342921686746988;76,9545258453168;96,6218094150797;-0,016835591494699;-0,0146678611234994;-0,0132365370769907
"RSH-StHil-Gre-sec";2021-05-07;127;4,58;43,96;0;14,5;24,4;19,4;30;88;59;6;0;9,4;198,3;0,120666537116207;0;0,72399922269724;0;0;0;0;0;0;0;0;0;0;0,72399922269724;76,2305266226195;96,1931573066459;-0,0176674145893179;-0,0152156056409512;-0,0135987374094766
"RSH-StHil-Gre-sec";2021-05-08;128;4,58;43,96;0;9;25,4;17,2;38;81;60;4,8;0;7,2;205,5;0,128361834434512;0;0,616136805285659;0;0;0;0;0;0;0;0;0;0;0,616136805285659;75,6143898173338;95,2881582782744;-0,0194358572377793;-0,0163773346213682;-0,0143657498872903
"RSH-StHil-Gre-sec";2021-05-09;129;4,58;43,96;6,4;11,9;27,8;19,8;33;92;63;6,1;0;9,8;215,3;0,138835989117761;0;0,846899533618344;6,4;2,01438981733385;1;1;5,25310046638166;4,38561018266615;0;4,38561018266615;4,38561018266615;4,38561018266615;5,23250971628449;74,7674902837155;100;-0,0104063278732315;-0,0104063278732315;-0,0104063278732315
"RSH-StHil-Gre-sec";2021-05-10;130;4,58;43,96;22,8;15,9;18,4;17,2;61;85;73;1,8;0;7,2;222,5;0,146531286436067;0;0,26375631558492;22,8;17,5674902837155;2;2;1,53624368441508;9,61811989895065;0;5,92185386708123;1,53624368441508;1,53624368441508;1,8;78,2;100;-0,0104063278732315;-0,0104063278732315;-0,0104063278732315
"RSH-StHil-Gre-sec";2021-05-11;131;4,58;43,96;4,7;10,8;21,2;16;43;96;69;4,7;0;6;228,5;0,152944034201321;0;0,718836960746211;4,7;2,90000000000001;1;2;3,98116303925379;11,4181198989506;0;9,90301690633502;3,98116303925379;3,98116303925379;4,7;75,3;100;-0,0104063278732315;-0,0104063278732315;-0,0104063278732315
"RSH-StHil-Gre-sec";2021-05-12;132;4,58;43,96;0;7,3;21,4;14,4;33;87;60;4,5;0;4,4;232,9;0,157646715895841;0;0,709410221531287;0;0;0;1;3,79058977846871;11,4181198989506;0;13,6936066848037;3,79058977846871;3,79058977846871;4,5;70,8;94,125;-0,0217335934326182;-0,0178811305947448;-0,0153562004622874
"RSH-StHil-Gre-sec";2021-05-13;133;4,58;43,96;0;8,5;21,6;15;28;75;52;4,7;0;5;237,9;0,162990672366887;0;0,766056160124369;0;0;0;0;0;0;0;0;0;0;0,766056160124369;70,0339438398756;88,5;-0,0332619055829912;-0,025329056390193;-0,0202214086065513
"RSH-StHil-Gre-sec";2021-05-14;134;4,58;43,96;0;9,9;21,9;15,9;27;89;58;4,6;0;5,9;243,8;0,169296541002721;0;0,778764088612514;0;0;0;0;0;0;0;0;0;0;0,778764088612514;69,2551797512631;87,5424297998445;-0,0352971828755006;-0,0266270201257668;-0,0210623864164015
"RSH-StHil-Gre-sec";2021-05-15;135;4,58;43,96;0,5;9,7;18,2;13,9;54;85;70;1,5;0;3,9;247,7;0,173464827050136;0;0,260197240575204;0,5;0;1;1;1,2398027594248;0,5;0;0,5;0,5;0,5;0,760197240575204;68,9949825106879;87,1939746890789;-0,0360433395964248;-0,0271015864284167;-0,0213693546857629
"RSH-StHil-Gre-sec";2021-05-16;136;4,58;43,96;3,6;13,4;19,8;16,6;59;96;77;1,9;0;6,6;254,3;0,180518849591916;0;0,342985814224641;3,6;0;1;1;1,55701418577536;4,1;0;2,05701418577536;1,55701418577536;1,55701418577536;1,9;70,6949825106879;90,7437281383599;-0,0285779260649675;-0,0223225495983568;-0,0182655553494324
"RSH-StHil-Gre-sec";2021-05-17;137;4,58;43,96;0;9,9;22,2;16;33;80;56;5;0;6;260,3;0,186931597357171;0;0,934657986785853;0;0;0;0;0;0;0;0;0;0;0,934657986785853;69,760324523902;88,3687281383599;-0,0335396125063947;-0,0255064605532757;-0,0203364736362178
"RSH-StHil-Gre-sec";2021-05-18;138;4,58;43,96;0;9,7;21;15,3;35;81;58;3,5;0;5,3;265,6;0,192596191216479;0;0,674086669257676;0;0;0;0;0;0;0;0;0;0;0,674086669257676;69,0862378546444;87,2004056548776;-0,0360295417994646;-0,0270928170861025;-0,0213636848221607
"RSH-StHil-Gre-sec";2021-05-19;139;4,58;43,96;0;9,8;22;15,9;30;76;53;5,5;0;5,9;271,5;0,198902059852312;0;1,09396132918772;0;0;0;0;0;0;0;0;0;0;1,09396132918772;67,9922765254566;86,3577973183055;-0,0378461030876487;-0,0282453236800999;-0,0221080383711999
"RSH-StHil-Gre-sec";2021-05-20;140;4,58;43,96;0;10,2;23,5;16,8;23;68;46;6,2;0;6,8;278,3;0,206169840652934;0;1,27825301204819;0;0;0;0;0;0;0;0;0;0;1,27825301204819;66,7140235134084;84,9903456568208;-0,040832227083087;-0,0301309465719198;-0,0233223732235464
"RSH-StHil-Gre-sec";2021-05-21;141;4,58;43,96;10,5;11,2;21;16,1;50;93;71;3,1;0;6,1;284,4;0,21268946754761;0;0,65933734939759;10,5;0;3;3;2,44066265060241;10,5;0;2,44066265060241;2,44066265060241;2,44066265060241;3,1;74,1140235134085;96,5175293917606;-0,0170376124672111;-0,0148009657251176;-0,0133245865697077
"RSH-StHil-Gre-sec";2021-05-22;142;4,58;43,96;0;11,4;22,1;16,7;35;97;66;4,5;0;6,7;291,1;0,219850369218811;0;0,989326661484648;0;0;0;2;3,51067333851535;10,5;0;5,95133598911776;3,51067333851535;3,51067333851535;4,5;69,6140235134085;92,6425293917606;-0,0247036168585813;-0,0198154403484562;-0,0166261996736491
"RSH-StHil-Gre-sec";2021-05-23;143;4,58;43,96;0;11,8;22,8;17,3;29;86;58;5,2;0;7,3;298,4;0,227652545666537;0;1,18379323746599;0;0;0;1;4,01620676253401;10,5;0;9,96754275165177;4,01620676253401;4,01620676253401;5,2;64,4140235134085;87,0175293917606;-0,0364223048933101;-0,027342349853435;-0,0215249848253567
"RSH-StHil-Gre-sec";2021-05-24;144;4,58;43,96;0;12,2;21,1;16,7;43;89;66;4,1;0;6,7;305,1;0,234813447337738;0;0,962735134084726;0;0;0;0;0;0;0;0;0;0;0,962735134084726;63,4512883793237;80,5175293917606;-0,0509464889242073;-0,0364348677806632;-0,0273503282342318
"RSH-StHil-Gre-sec";2021-05-25;145;4,58;43,96;0;8,3;22;15,1;30;86;58;4,6;0;5,1;310,2;0,240264282938204;0;1,10521570151574;0;0;0;0;0;0;0;0;0;0;1,10521570151574;62,346072677808;79,3141104741547;-0,0537637579587182;-0,0381678493396223;-0,0284490269948118
"RSH-StHil-Gre-sec";2021-05-26;146;4,58;43,96;0;9,4;25,6;17,5;26;78;52;5,4;0;7,5;317,7;0,248280217644773;0;1,34071317528177;0;0;0;0;0;0;0;0;0;0;1,34071317528177;61,0053595025262;77,93259084726;-0,0570511592843557;-0,0401773005034069;-0,0297183354875727
"RSH-StHil-Gre-sec";2021-05-27;147;4,58;43,96;0;10,4;26,7;18,5;27;92;59;6,3;0;8,5;326,2;0,25736494364555;0;1,62139914496696;0;0;0;0;0;0;0;0;0;0;1,62139914496696;59,3839603575593;76,2566993781578;-0,0611181653466552;-0,0426442540438525;-0,0312697562995283
"RSH-StHil-Gre-sec";2021-05-28;148;4,58;43,96;0;16,4;27;21,7;38;58;48;6,8;0;11,7;337,9;0,269869801787796;0;1,83511465215702;0;0;0;0;0;0;0;0;0;0;1,83511465215702;57,5488457054022;74,2299504469491;-0,0661577445498442;-0,0456718009616599;-0,0331633275564158
"RSH-StHil-Gre-sec";2021-05-29;149;4,58;43,96;0;13;28,5;20,8;32;94;63;6;0;10,8;348,7;0,281412747765255;0;1,68847648659153;0;0;0;0;0;0;0;0;0;0;1,68847648659153;55,8603692188107;71,9360571317528;-0,072030318922156;-0,0491585744933313;-0,0353298684783487
"RSH-StHil-Gre-sec";2021-05-30;150;4,58;43,96;0,9;17,7;27,4;22,5;34;62;48;7;0;12,5;361,2;0,294772638942868;0;2,06340847260008;0,9;0;1;1;4,93659152739992;0,9;0;0,9;0,9;0,9;2,96340847260008;53,7969607462106;70,9504615235134;-0,0746112738979075;-0,0506768960889768;-0,0362685074453533
"RSH-StHil-Gre-sec";2021-05-31;151;4,58;43,96;0;14,2;25,8;20;43;91;67;5,8;0;10;371,2;0,305460551884959;0;1,77167120093276;0;0;0;0;0;0;0;0;0;0;1,77167120093276;52,0252895452779;67,2462009327633;-0,0846429627621003;-0,0564961446660794;-0,0398390067424737
"RSH-StHil-Gre-sec";2021-06-01;152;4,58;43,96;0,7;12,2;25,2;18,7;43;92;67;4,2;0;8,7;379,9;0,314759036144578;0;1,32198795180723;0,7;0;1;1;2,87801204819277;0,7;0;0,7;0,7;0,7;2,02198795180723;50,7033015934706;65,9066119315973;-0,0884074160853573;-0,0586459628331241;-0,0411471863061784
"RSH-StHil-Gre-sec";2021-06-02;153;4,58;43,96;0;16;24,4;20,2;48;92;70;3,8;0;10,2;390,1;0,325660707345511;0;1,23751068791294;0;0;0;0;0;0;0;0;0;0;1,23751068791294;49,4657909055577;63,3791269918383;-0,0957231740174682;-0,0627706893699781;-0,0436406010741844
"RSH-StHil-Gre-sec";2021-06-03;154;4,58;43,96;0;11,6;27,1;19,4;39;99;69;5,4;0;9,4;399,5;0,335707345511077;0;1,81281966575981;0;0;0;0;0;0;0;0;0;0;1,81281966575981;47,6529712397979;61,8322386319471;-0,100345955357886;-0,065340739136899;-0,0451831945232591
"RSH-StHil-Gre-sec";2021-06-04;155;4,58;43,96;1,7;13,2;27,7;20,4;37;98;67;4;0;10,4;409,9;0,346822774970851;0;1,3872910998834;1,7;0;1;1;2,6127089001166;1,7;0;1,7;1,7;1,7;3,0872910998834;46,2656801399145;61,6912140497474;-0,100773136058784;-0,065576807516016;-0,0453244622650736
"RSH-StHil-Gre-sec";2021-06-05;156;4,58;43,96;0;15,9;28;21,9;36;87;62;6,9;0;11,9;421,8;0,359541391371939;0;2,48083560046638;0;0;0;0;0;0;0;0;0;0;2,48083560046638;43,7848445394481;57,8321001748931;-0,112858284417597;-0,0721551688277919;-0,0492322194943922
"RSH-StHil-Gre-sec";2021-06-06;157;4,58;43,96;0;17;26,3;21,7;40;70;55;7,4;0;11,7;433,5;0,372046249514186;0;2,75314224640498;0;0;0;0;0;0;0;0;0;0;2,75314224640498;41,0317022930431;54,7310556743101;-0,123168973283994;-0,0776142161470202;-0,0524325951391797
"RSH-StHil-Gre-sec";2021-06-07;158;4,58;43,96;0;17,7;26,9;22,3;44;73;58;6,5;0;12,3;445,8;0,385192382432958;0;2,50375048581422;0;0;0;0;0;0;0;0;0;0;2,50375048581422;38,5279518072289;51,2896278663039;-0,135318705351288;-0,0838649970245063;-0,0560495492357211
"RSH-StHil-Gre-sec";2021-06-08;159;4,58;43,96;0;17,3;28,9;23,1;42;73;57;7,3;0;13,1;458,9;0,399193548387097;0;2,91411290322581;0;0;0;0;0;0;0;0;0;0;2,91411290322581;35,6138389040031;48,1599397590361;-0,147097683826028;-0,0897367752644496;-0,0594007018017308
"RSH-StHil-Gre-sec";2021-06-09;160;4,58;43,96;0;18,7;30,7;24,7;37;72;54;8,1;0;14,7;473,6;0,414904780411971;0;4,04631231915126;0;0;0;0;0;0;0;0;0;0;4,04631231915126;31,5675265848518;44,5172986300039;-0,161811764357288;-0,0968114057118895;-0,0633782323440044
"RSH-StHil-Gre-sec";2021-06-10;161;4,58;43,96;0;19,6;31,5;25,5;31;69;50;8,3;0;15,5;489,1;0,431471045472211;0;3,98564451665843;0;0;0;0;0;0;0;0;0;0;3,98564451665843;27,5818820681934;39,4594082310648;-0,184375062847529;-0,105316970918407;-0,0680728815997639
"RSH-StHil-Gre-sec";2021-06-11;162;4,58;43,96;0;17,4;33;25,2;25;81;53;7,8;0;15,2;504,3;0,44771667314419;0;3,4449938206029;0;0;0;0;0;0;0;0;0;0;3,4449938206029;24,1368882475905;34,4773525852417;-0,209625725521759;-0,114827424299006;-0,0732086726720937
"RSH-StHil-Gre-sec";2021-06-12;163;4,58;43,96;0;17,5;33,3;25,4;25;74;50;8,1;0;15,4;519,7;0,46417605907501;0;3,24072123419732;0;0;0;0;0;0;0;0;0;0;3,24072123419732;20,8961670133932;30,1711103094881;-0,234586027738793;-0,124591673907738;-0,0783563507774798
"RSH-StHil-Gre-sec";2021-06-13;164;4,58;43,96;0;22,7;33;27,9;29;58;43;9;0;17,9;537,6;0,483307423241353;0;3,2809323555021;0;0;0;0;0;0;0;0;0;0;3,2809323555021;17,6152346578911;26,1202087667415;-0,26155893002295;-0,135707179156904;-0,0840616061512145
"RSH-StHil-Gre-sec";2021-06-14;165;4,58;43,96;0;21,8;36;28,9;20;61;41;8,3;0;18,9;556,5;0,503507578701904;0;2,72898253730103;0;0;0;0;0;0;0;0;0;0;2,72898253730103;14,8862521205901;22,0190433223639;-0,293513134258067;-0,149449038751355;-0,0908867215261254
"RSH-StHil-Gre-sec";2021-06-15;166;4,58;43,96;0;21,5;35,3;28,4;26;61;44;8;0;18,4;574,9;0,523173338515352;0;2,30395528117505;0;0;0;0;0;0;0;0;0;0;2,30395528117505;12,582296839415;18,6078151507376;-0,325004195889561;-0,163676263991468;-0,0976872636965676
"RSH-StHil-Gre-sec";2021-06-16;167;4,58;43,96;0;19,1;32,2;25,7;44;93;69;6,2;0;15,7;590,6;0,539953361834435;0;1,55733961379034;0;0;0;0;0;0;0;0;0;0;1,55733961379034;11,0249572256247;15,7278710492688;-0,356461820916934;-0,182162011034856;-0,104755159530329
"RSH-StHil-Gre-sec";2021-06-17;168;4,58;43,96;0;21;30,7;25,9;41;85;63;4,3;0;15,9;606,5;0,556947143412359;0;0,941656231681179;0;0;0;0;0;0;0;0;0;0;0,941656231681179;10,0833009939435;13,7811965320308;-0,381181059054559;-0,197149726080952;-0,110607191790468
"RSH-StHil-Gre-sec";2021-06-18;169;4,58;43,96;0;17,9;30,3;24,1;44;78;61;5,1;0;14,1;620,6;0,55;0;0,966406406808662;0;0;0;0;0;0;0;0;0;0;0,966406406808662;9,11689458713482;12,6041262424294;-0,397884054821241;-0,207546071372741;-0,114908837870879
"RSH-StHil-Gre-sec";2021-06-19;170;4,58;43,96;0;19,3;30,1;24,7;48;95;72;3,4;0;14,7;635,3;0,55;0;0,589242901833572;0;0;0;0;0;0;0;0;0;0;0,589242901833572;8,52765168530125;11,3961182339185;-0,416733012444347;-0,219475921638486;-0,120076231408195
"RSH-StHil-Gre-sec";2021-06-20;171;4,58;43,96;0;20,8;27,8;24,3;57;83;70;3,6;0;14,3;649,6;0,55;0;0,564107852578967;0;0;0;0;0;0;0;0;0;0;0,564107852578967;7,96354383272228;10,6595646066266;-0,429233053110933;-0,227410191708121;-0,123602196413441
"RSH-StHil-Gre-sec";2021-06-21;172;4,58;43,96;1,8;19,7;29,9;24,8;43;93;68;6,9;0;14,8;664,4;0,55;0;1,01132619205369;0;0;0;0;0;0;0;0;0;0;1,01132619205369;6,95221764066858;9,95442979090285;-0,442037048664992;-0,235640118191069;-0,123945126723593
"RSH-StHil-Gre-sec";2021-06-22;173;4,58;43,96;0;17,3;29,2;23,3;31;92;61;6,8;0;13,3;677,7;0,55;0;0,930739185449416;0;0;0;0;0;0;0;0;0;0;0,930739185449416;6,02147845521917;8,69027205083573;-0,467445529587982;-0,251772624262553;-0,134930630783071
"RSH-StHil-Gre-sec";2021-06-23;174;4,58;43,96;0,2;16,3;29,2;22,8;38;100;69;6;0;12,8;690,5;0,55;0;0,716947444193948;0;0;0;0;0;0;0;0;0;0;0,716947444193948;5,30453101102522;7,52684806902396;-0,494334677595901;-0,268377951347173;-0,142229928746101
"RSH-StHil-Gre-sec";2021-06-24;175;4,58;43,96;0;15,2;28,2;21,7;30;89;60;6;0;11,7;702,2;0,55;0;0,620964965694477;0;0;0;0;0;0;0;0;0;0;0,620964965694477;4,68356604533074;6,63066376378153;-0,518051555666519;-0,28298981954178;-0,149738048272451
"RSH-StHil-Gre-sec";2021-06-25;176;4,58;43,96;0;16,7;27,7;22,2;33;74;54;8;0;12,2;714,4;0,55;0;0,729373014015968;0;0;0;0;0;0;0;0;0;0;0,729373014015968;3,95419303131478;5,85445755666343;-0,541343774442536;-0,297440679290125;-0,158883790153394
"RSH-StHil-Gre-sec";2021-06-26;177;4,58;43,96;0;15,5;31,2;23,4;30;71;51;6,9;0;13,4;727,8;0,55;0;0,555441660688443;0;0;0;0;0;0;0;0;0;0;0,555441660688443;3,39875137062633;4,94274128914347;-0,573013918209797;-0,316949954566026;-0,171292014374926
"RSH-StHil-Gre-sec";2021-06-27;178;4,58;43,96;0;16,5;30,1;23,3;34;87;60;6,4;0;13,3;741,1;0,55;0;0,434961233444625;0;0;0;0;0;0;0;0;0;0;0,434961233444625;2,96379013718171;4,24843921328292;-0,601332488622271;-0,334132450507572;-0,182137452520913
"RSH-StHil-Gre-sec";2021-06-28;179;4,58;43,96;1,8;16;27;21,5;44;91;68;2,2;0;11,5;752,6;0,55;0;0,128515286201808;0;0;0;0;0;0;0;0;0;0;0,128515286201808;2,8352748509799;3,70473767147713;-0,626951589728084;-0,349810616355437;-0,192089743828681
"RSH-StHil-Gre-sec";2021-06-29;180;4,58;43,96;0;16,3;28,7;22,5;30;84;57;6,8;0;12,5;765,1;0,55;0;0,346392972283112;0;0;0;0;0;0;0;0;0;0;0,346392972283112;2,48888187869679;3,54409356372487;-0,635245015479715;-0,355010538855865;-0,195435308792976
"RSH-StHil-Gre-sec";2021-06-30;181;4,58;43,96;0;12,8;28,2;20,5;32;81;56;6;0;10,5;775,6;0,55;0;0,292387719007302;0;0;0;0;0;0;0;0;0;0;0,292387719007302;2,19649415968949;3,11110234837098;-0,65962302130811;-0,37063280297901;-0,20559980791767
"RSH-StHil-Gre-sec";2021-07-01;182;4,58;43,96;0;18;30,1;24,1;34;69;51;7,2;0;14,1;789,7;0,55;0;0,307999132488728;0;0;0;0;0;0;0;0;0;0;0,307999132488728;1,88849502720076;2,74561769961186;-0,683003070588268;-0,38516503903505;-0,214879632952727
"RSH-StHil-Gre-sec";2021-07-02;183;4,58;43,96;0;19,5;32,5;26;29;67;48;7,8;0;16;805,7;0,55;0;0,294467498283372;0;0;0;0;0;0;0;0;0;0;0,294467498283372;1,59402752891739;2,36061878400095;-0,711268111287795;-0,402637217035965;-0,226017561787445
"RSH-StHil-Gre-sec";2021-07-03;184;4,58;43,96;6,4;17;31,4;24,2;34;80;57;5,3;0;14,2;819,9;0,55;0;0,172030093884069;0,7;0;1;1;2,385;0,7;0;0,7;0,7;0,7;0,872030093884069;1,42199743503332;2,86753441114673;-0,674874938147646;-0,412361816019035;-0,235796128156155
"RSH-StHil-Gre-sec";2021-07-04;185;4,58;43,96;5,3;19;27,9;23,4;47;95;71;3,8;0;13,4;833,3;0,55;0;0,149828672982417;0,15;0;1;1;1,71;0,85;0;1,55;0,85;0,85;0,999828672982417;0,5721687620509;1,96499679379165;-0,745585474084111;-0,432751717759118;-0,245954695170323
"RSH-StHil-Gre-sec";2021-07-05;186;4,58;43,96;0;16,2;31,6;23,9;36;95;65;6,3;0;13,9;847,2;0,55;0;0,170217847262201;0;0;0;0;0;0;0;0;0;0;0,170217847262201;0,401950914788699;0,715210952563625;-0,934665088488552;-0,455875444175993;-0,255015876942818
"RSH-StHil-Gre-sec";2021-07-06;187;4,58;43,96;1,9;19,7;28,7;24,2;59;89;74;3,2;0;14,2;861,4;0,55;0;0,0314692819127995;0;0;0;0;0;0;0;0;0;0;0,0314692819127995;0,370481632875899;0,502438643485873;-1,00072510640496;-0,471817707091231;-0,264713119426625
"RSH-StHil-Gre-sec";2021-07-07;188;4,58;43,96;0;18,2;30,8;24,5;37;94;65;6,6;0;14,5;875,9;0,55;0;0,045596306896343;0;0;0;0;0;0;0;0;0;0;0,045596306896343;0,324885325979556;0,463102041094874;-1,01597731568153;-0,479440845262185;-0,269592656798465
"RSH-StHil-Gre-sec";2021-07-08;189;4,58;43,96;0;18;27,5;22,7;40;81;60;6,5;0;12,7;888,6;0,55;0;0,0413897449228543;0;0;0;0;0;0;0;0;0;0;0,0413897449228543;0,283495581056702;0,406106657474445;-1,04054732105027;-0,49479026303427;-0,279533534318821
"RSH-StHil-Gre-sec";2021-07-09;190;4,58;43,96;0;17,6;28,7;23,2;34;68;51;7,8;0;13,2;901,8;0,55;0;0,0435549390141342;0;0;0;0;0;0;0;0;0;0;0,0435549390141342;0,239940642042568;0,354369476320877;-1,06604229616465;-0,510562034357598;-0,289595498938577
"RSH-StHil-Gre-sec";2021-07-10;191;4,58;43,96;0;17,4;32,4;24,9;27;69;48;7,1;0;14,9;916,7;0,55;0;0,0345953201258256;0;0;0;0;0;0;0;0;0;0;0,0345953201258256;0,205345321916742;0,299925802553209;-1,09724879321157;-0,529699664734228;-0,301744586746938
"RSH-StHil-Gre-sec";2021-07-11;192;4,58;43,96;0,8;19,5;31,8;25,7;27;76;51;7,5;0;15,7;932,4;0,55;0;0,0309298483882997;0;0;0;0;0;0;0;0;0;0;0,0309298483882997;0,174415473528442;0,256681652395927;-1,12637745234694;-0,547367671562816;-0,312898025714621
"RSH-StHil-Gre-sec";2021-07-12;193;4,58;43,96;1,9;19,4;28,8;24,1;48;84;66;5,5;0;14,1;946,5;0,55;0;0,019411549962442;0;0;0;0;0;0;0;0;0;0;0,019411549962442;0,155003923566;0,218019341910553;-1,15691940161352;-0,565928550291282;-0,324635409111222
"RSH-StHil-Gre-sec";2021-07-13;194;4,58;43,96;0,1;14,3;25,3;19,8;36;94;65;5;0;9,8;956,3;0,55;0;0,0149888297563505;0;0;0;0;0;0;0;0;0;0;0,0149888297563505;0,14001509380965;0,1937549044575;-1,17899337489264;-0,579423672105841;-0,333197423793041
"RSH-StHil-Gre-sec";2021-07-14;195;4,58;43,96;0;12,9;25,7;19,3;46;99;73;3,3;0;9,3;965,6;0,55;0;0,00879162878975907;0;0;0;0;0;0;0;0;0;0;0,00879162878975907;0,131223465019891;0,175018867262062;-1,19801982857144;-0,591313691174824;-0,340831253057157
"RSH-StHil-Gre-sec";2021-07-15;196;4,58;43,96;0;14,2;27,7;21;40;90;65;5,2;0;11;976,6;0,55;0;0,0125138490092374;0;0;0;0;0;0;0;0;0;0;0,0125138490092374;0,118709616010653;0,164029331274863;-1,21015193213513;-0,599008060436126;-0,345809386790423
"RSH-StHil-Gre-sec";2021-07-16;197;4,58;43,96;0;17,4;28,2;22,8;40;89;64;6,6;0;12,8;989,4;0,55;0;0,0148856618131938;0;0;0;0;0;0;0;0;0;0;0,0148856618131938;0,103823954197459;0,148387020013316;-1,22890172641396;-0,610999363686281;-0,353601195818285
"RSH-StHil-Gre-sec";2021-07-17;198;4,58;43,96;0;20;28,2;24,1;45;72;58;8,1;0;14,1;1003,5;0,55;0;0,0165266043539831;0;0;0;0;0;0;0;0;0;0;0,0165266043539831;0,0872973498434762;0,129779942746824;-1,25396787784946;-0,626727059975748;-0,363702316909365
"RSH-StHil-Gre-sec";2021-07-18;199;4,58;43,96;0;21,5;31,8;26,6;42;72;57;9;0;16,6;1020,1;0,55;0;0,0160602679149195;0;0;0;0;0;0;0;0;0;0;0,0160602679149195;0,0712370819285567;0,109121687304345;-1,28640382247803;-0,646636377892888;-0,376337542904895
"RSH-StHil-Gre-sec";2021-07-19;200;4,58;43,96;0;22,7;34,4;28,5;35;64;49;9;0;18,5;1038,6;0,55;0;0,0135038088039127;0;0;0;0;0;0;0;0;0;0;0,0135038088039127;0,057733273124644;0,0890463524106959;-1,32443918299766;-0,669429544526706;-0,390630572037517
"RSH-StHil-Gre-sec";2021-07-20;201;4,58;43,96;0;22,2;35;28,6;25;66;45;8,4;0;18,6;1057,2;0,55;0;0,0102848537034354;0;0;0;0;0;0;0;0;0;0;0,0102848537034354;0,0474484194212086;0,072166591405805;-1,36376041173764;-0,692599635848745;-0,405055851201437
"RSH-StHil-Gre-sec";2021-07-21;202;4,58;43,96;0;22,5;34,9;28,7;29;60;45;8,9;0;18,7;1075,9;0,55;0;0,00883138662328539;0;0;0;0;0;0;0;0;0;0;0,00883138662328539;0,0386170327979232;0,0593105242765108;-1,40046445470879;-0,714178542453196;-0,418493904490951
"RSH-StHil-Gre-sec";2021-07-22;203;4,58;43,96;0;23,2;35,7;29,5;25;60;42;8,6;0;19,5;1095,4;0,55;0;0,0070134694956974;0;0;0;0;0;0;0;0;0;0;0,0070134694956974;0,0316035633022258;0,048271290997404;-1,43899430780265;-0,736917262574561;-0,432685092208747
"RSH-StHil-Gre-sec";2021-07-23;204;4,58;43,96;0;20,4;33;26,7;42;98;70;6,8;0;16,7;1112,1;0,55;0;0,00451336570825728;0;0;0;0;0;0;0;0;0;0;0,00451336570825728;0,0270901975939685;0,0395044541277823;-1,47649029791958;-0,758987468402665;-0,446437296794292
"RSH-StHil-Gre-sec";2021-07-24;205;4,58;43,96;0;21,5;31,3;26,4;42;72;57;5,8;0;16,4;1128,5;0,55;0;0,00315048021669064;0;0;0;0;0;0;0;0;0;0;0,00315048021669064;0,0239397173772779;0,0338627469924607;-1,5;-0,776153593863386;-0,457200264208536
"RSH-StHil-Gre-sec";2021-07-25;206;4,58;43,96;0;21;33,3;27,1;25;85;55;7,5;0;17,1;1145,6;0,55;0;0,00349209578359751;0;0;0;0;0;0;0;0;0;0;0,00349209578359751;0,0204476215936804;0,0299246467215974;-1,5;-0,79030354853404;-0,46619264926037
"RSH-StHil-Gre-sec";2021-07-26;207;4,58;43,96;0;20,4;33,3;26,9;21;64;43;7,3;0;16,9;1162,5;0,55;0;0,00300368641468034;0;0;0;0;0;0;0;0;0;0;0,00300368641468034;0,0174439351790001;0,0255595269921005;-1,5;-0,808501275773869;-0,477790964317936
"RSH-StHil-Gre-sec";2021-07-27;208;4,58;43,96;1,4;20,6;32,2;26,4;35;67;51;7,6;0;16,4;1178,9;0,55;0;0,0026709705706745;0;0;0;0;0;0;0;0;0;0;0,0026709705706745;0,0147729646083256;0,0218049189737501;-1,5;-0,826596245807202;-0,489233626297202
"RSH-StHil-Gre-sec";2021-07-28;209;4,58;43,96;1;18,8;30,4;24,6;43;94;68;4,6;0;14,6;1193,5;0,55;0;0,00137916112508969;0;0;0;0;0;0;0;0;0;0;0,00137916112508969;0,0133938034832359;0,018466205760407;-1,5;-0,845462722539059;-0,501151599955863
"RSH-StHil-Gre-sec";2021-07-29;210;4,58;43,96;0;20;34,1;27,1;29;80;54;7,3;0;17,1;1210,6;0,55;0;0,00185354540320085;0;0;0;0;0;0;0;0;0;0;0,00185354540320085;0,011540258080035;0,0167422543540448;-1,5;-0,856700758953673;-0,508292490493935
"RSH-StHil-Gre-sec";2021-07-30;211;4,58;43,96;0;19,9;31,3;25,6;53;90;71;5,6;0;15,6;1226,2;0,55;0;0,00128915358526145;0;0;0;0;0;0;0;0;0;0;0,00128915358526145;0,0102511044947736;0,0144253226000438;-1,5;-0,874103217926899;-0,519457540328353
"RSH-StHil-Gre-sec";2021-07-31;212;4,58;43,96;1,7;20,6;29,7;25,2;40;79;59;6,9;0;15,2;1241,4;0,55;0;0,00136860248167915;0;0;0;0;0;0;0;0;0;0;0,00136860248167915;0,00888250201309441;0,012813880618467;-1,5;-0,887764893945442;-0,528151644367395
"RSH-StHil-Gre-sec";2021-08-01;213;4,58;43,96;0;14,9;28,1;21,5;30;87;58;6,3;0;11,5;1252,9;0,55;0;0,0011100024085747;0;0;0;0;0;0;0;0;0;0;0,0011100024085747;0,00777249960451971;0,011103127516368;-1,5;-0,904394405995124;-0,538777722426034
"RSH-StHil-Gre-sec";2021-08-02;214;4,58;43,96;0;14,2;29,3;21,8;25;77;51;5,5;0;11,8;1264,7;0,55;0;0,000839674018425331;0;0;0;0;0;0;0;0;0;0;0,000839674018425331;0,00693282558609438;0,00971562450564964;-1,5;-0,919769774865633;-0,548558586154277
"RSH-StHil-Gre-sec";2021-08-03;215;4,58;43,96;4,4;14,1;29,9;22;31;83;57;5,1;0;12;1276,7;0,55;0;0,000681308168458681;0;0;0;0;0;0;0;0;0;0;0,000681308168458681;0,0062515174176357;0,00866603198261798;-1,5;-0,933028788321221;-0,557029478420535
"RSH-StHil-Gre-sec";2021-08-04;216;4,58;43,96;5,8;18;22,8;20,4;77;95;86;1,3;0;10,4;1287,1;0,55;0;0,000154905321689296;0,4;0;1;1;0,585;0,4;0;0,4;0,4;0,4;0,400154905321689;0,00609661209594642;0,507814396772044;-0,99873406955496;-0,870177211286275;-0,556933220382674
"RSH-StHil-Gre-sec";2021-08-05;217;4,58;43,96;0;15,4;29;22,2;33;91;62;5,9;0;12,2;1299,3;0,55;0;0,0411964429381321;0;0;0;0;0;0;0;0;0;0;0,0411964429381321;0;0,00762076511993302;-1,5;-0,948145835890904;-0,566762223578465
"RSH-StHil-Gre-sec";2021-08-06;218;4,58;43,96;0;19,1;30,3;24,7;36;81;59;5,8;0;14,7;1314;0,55;0;0,000607756018314659;0;0;0;0;0;0;0;0;0;0;0,000607756018314659;0;0;-1,5;-0,968389544727344;-0,575866805194806
"RSH-StHil-Gre-sec";2021-08-07;219;4,58;43,96;14,1;18,2;23,2;20,7;72;90;81;1;0;10,7;1324,7;0,55;0;0;4,55;0;1;1;0,45;4,55;0;0,45;0,45;0,45;0,45;4,1;5,6875;-0,546756586368895;-0,597141895117467;-0,503440118648673
"RSH-StHil-Gre-sec";2021-08-08;220;4,58;43,96;0;14,1;28,5;21,3;31;94;63;5,3;0;11,3;1336;0,55;0;0,4144765625;0;0;0;0;0;0;0;0;0;0;0,4144765625;3,6855234375;5,125;-0,566239535417125;-0,614352120149188;-0,511088510446455
"RSH-StHil-Gre-sec";2021-08-09;221;4,58;43,96;0;14;32,6;23,3;24;90;57;5,9;0;13,3;1349,3;0,55;0;0,415765625;0;0;0;0;0;0;0;0;0;0;0,415765625;3,2697578125;4,606904296875;-0,586177874993178;-0,627242352709945;-0,519150095778602
"RSH-StHil-Gre-sec";2021-08-10;222;4,58;43,96;0;16,9;35;26;30;90;60;5,8;0;16;1365,3;0,55;0;0,367400617675781;0;0;0;0;0;0;0;0;0;0;0,367400617675781;2,90235719482422;4,087197265625;-0,608571170341841;-0,641307888990541;-0,528166972855029
"RSH-StHil-Gre-sec";2021-08-11;223;4,58;43,96;0;18,1;37,5;27,8;24;90;57;6,2;0;17,8;1383,1;0,55;0;0,348433566894531;0;0;0;0;0;0;0;0;0;0;0,348433566894531;2,55392362792969;3,62794649353027;-0,630870183677316;-0,6552163996749;-0,537073799955478
"RSH-StHil-Gre-sec";2021-08-12;224;4,58;43,96;0;20;34,4;27,2;31;90;61;6,2;0;17,2;1400,3;0,55;0;0,309282438573456;0;0;0;0;0;0;0;0;0;0;0,309282438573456;2,24464118935623;3,19240453491211;-0,654796767975675;-0,67011031529994;-0,546605054466724
"RSH-StHil-Gre-sec";2021-08-13;225;4,58;43,96;0;20,3;38,5;29,4;29;79;54;6,2;0;19,4;1419,7;0,55;0;0,272152486601257;0;0;0;0;0;0;0;0;0;0;0,272152486601257;1,97248870275497;2,80580148669529;-0,678946504633815;-0,685086120547438;-0,556169003030414
"RSH-StHil-Gre-sec";2021-08-14;226;4,58;43,96;0;21;36,9;28,9;28;89;59;6,6;0;18,9;1438,6;0,55;0;0,254626484917597;0;0;0;0;0;0;0;0;0;0;0,254626484917597;1,71786221783738;2,46561087844372;-0,70312700966742;-0,700068752077844;-0,565734666569945
"RSH-StHil-Gre-sec";2021-08-15;227;4,58;43,96;0,2;18,7;36,5;27,6;34;86;60;6,1;0;17,6;1456,2;0,55;0;0,206803112429467;0;0;0;0;0;0;0;0;0;0;0,206803112429467;1,51105910540791;2,14732777229672;-0,72898486815073;-0,716061091042149;-0,575934689400823
"RSH-StHil-Gre-sec";2021-08-16;228;4,58;43,96;0;21,8;31,2;26,5;27;66;47;8,6;0;16,5;1472,7;0,55;0;0,253921509074087;0;0;0;0;0;0;0;0;0;0;0,253921509074087;1,25713759633382;1,88882388175989;-0,752982065993266;-0,730875820317173;-0,58537498384152
"RSH-StHil-Gre-sec";2021-08-17;229;4,58;43,96;0;19;28,2;23,6;34;69;52;8,1;0;13,6;1486,3;0,55;0;0,210367759831007;0;0;0;0;0;0;0;0;0;0;0,210367759831007;1,04676983650282;1,57142199541728;-0,787400499651322;-0,751977095028849;-0,598769706746911
"RSH-StHil-Gre-sec";2021-08-18;230;4,58;43,96;0;18,3;27,5;22,9;39;55;47;8;0;12,9;1499,2;0,55;0;0,172856419495901;0;0;0;0;0;0;0;0;0;0;0,172856419495901;0,873913417006914;1,30846229562852;-0,821660828803482;-0,772499554845478;-0,611637240836467
"RSH-StHil-Gre-sec";2021-08-19;231;4,58;43,96;0;19,5;30,7;25,1;34;66;50;7,8;0;15,1;1514,3;0,55;0;0,140332581206159;0;0;0;0;0;0;0;0;0;0;0,140332581206159;0,733580835800756;1,09239177125864;-0,85542627251838;-0,792688353122356;-0,624303414074884
"RSH-StHil-Gre-sec";2021-08-20;232;4,58;43,96;0;18,4;32,7;25,6;30;67;49;6,9;0;15,6;1529,9;0,55;0;0,103640669298164;0;0;0;0;0;0;0;0;0;0;0,103640669298164;0,629940166502592;0,916976044750945;-0,888174066508737;-0,812308020925145;-0,636628533875721
"RSH-StHil-Gre-sec";2021-08-21;233;4,58;43,96;0;14,9;32,2;23,6;45;92;69;4,6;0;13,6;1543,5;0,55;0;0,0579987348304973;0;0;0;0;0;0;0;0;0;0;0,0579987348304973;0,571941431672095;0,78742520812824;-0,916669343772758;-0,829501139363948;-0,647469013159525
"RSH-StHil-Gre-sec";2021-08-22;234;4,58;43,96;0;22;34;28;32;93;62;6,5;0;18;1561,5;0,55;0;0,0703761279764615;0;0;0;0;0;0;0;0;0;0;0,0703761279764615;0,501565303695633;0,714926789590119;-0,934739434155561;-0,840636067847627;-0,654568106462668
"RSH-StHil-Gre-sec";2021-08-23;235;4,58;43,96;0;20,6;28,4;24,5;31;58;44;8,5;0;14,5;1576;0,55;0;0,0835570685333451;0;0;0;0;0;0;0;0;0;0;0,0835570685333451;0,418008235162288;0,626956629619542;-0,95930404881734;-0,856041640690733;-0,664474297440504
"RSH-StHil-Gre-sec";2021-08-24;236;4,58;43,96;0;19,4;28,7;24;42;67;54;6,9;0;14;1590;0,55;0;0,059482510235154;0;0;0;0;0;0;0;0;0;0;0,059482510235154;0,358525724927134;0,522510293952861;-0,993396820273917;-0,876953110591381;-0,677741820441431
"RSH-StHil-Gre-sec";2021-08-25;237;4,58;43,96;0;18,5;30,5;24,5;33;72;52;6,5;0;14,5;1604,5;0,55;0;0,0466993575220369;0;0;0;0;0;0;0;0;0;0;0,0466993575220369;0,311826367405097;0,448157156158918;-1,02211430869188;-0,894271044527167;-0,68863867026271
"RSH-StHil-Gre-sec";2021-08-26;238;4,58;43,96;0;18;30,2;24,1;38;75;56;6,7;0;14,1;1618,6;0,55;0;0,0412864780111403;0;0;0;0;0;0;0;0;0;0;0,0412864780111403;0,270539889393957;0,389782959256372;-1,04822257338053;-0,910216959323313;-0,698753600594421
"RSH-StHil-Gre-sec";2021-08-27;239;4,58;43,96;0;18,5;27,3;22,9;34;66;50;8;0;12,9;1631,5;0,55;0;0,0428761255182009;0;0;0;0;0;0;0;0;0;0;0,0428761255182009;0,227663763875756;0,338174861742446;-1,07479350905062;-0,926550067764704;-0,70914384684353
"RSH-StHil-Gre-sec";2021-08-28;240;4,58;43,96;0;16,7;26,7;21,7;28;57;42;8,4;0;11,7;1643,2;0,55;0;0,0390591965312526;0;0;0;0;0;0;0;0;0;0;0,0390591965312526;0,188604567344504;0,284579704844695;-1,10707475805626;-0,94626738512236;-0,721637714973667
"RSH-StHil-Gre-sec";2021-08-29;241;4,58;43,96;0;16,7;26,6;21,7;33;72;52;7,8;0;11,7;1654,9;0,55;0;0,0305211733445936;0;0;0;0;0;0;0;0;0;0;0,0305211733445936;0,15808339399991;0,235755709180629;-1,14228714180963;-0,967428497606225;-0,734932727445545
"RSH-StHil-Gre-sec";2021-08-30;242;4,58;43,96;0;16,9;25,8;21,4;42;67;54;6,8;0;11,4;1666,3;0,55;0;0,0220431588083889;0;0;0;0;0;0;0;0;0;0;0,0220431588083889;0,136040235191521;0,197604242499888;-1,17531301232766;-0,987155982567569;-0,747300747402545
"RSH-StHil-Gre-sec";2021-08-31;243;4,58;43,96;0;16,3;28;22,1;34;75;55;6,8;0;12,1;1678,4;0,55;0;0,0184759966737395;0;0;0;0;0;0;0;0;0;0;0,0184759966737395;0,117564238517782;0,170050293989401;-1,20340775432642;-1,00409851519727;-0,757982067479335
"RSH-StHil-Gre-sec";2021-09-01;244;4,58;43,96;0;16,8;30,1;23,4;31;69;50;6;0;13,4;1691,8;0,55;0;0,0140291492541256;0;0;0;0;0;0;0;0;0;0;0,0140291492541256;0,103535089263656;0,146955298147227;-1,23071558078689;-1,02077920471878;-0,768564756726108
"RSH-StHil-Gre-sec";2021-09-02;245;4,58;43,96;0,5;16;28,2;22,1;43;98;71;2,6;0;12,1;1703,9;0,55;0;0,00525365190876337;0;0;0;0;0;0;0;0;0;0;0,00525365190876337;0,0982814373548927;0,12941886157957;-1,25448911835912;-1,03539719626969;-0,777865873115349
"RSH-StHil-Gre-sec";2021-09-03;246;4,58;43,96;10,9;17,4;21,9;19,6;58;81;70;1;0;9,6;1713,5;0,55;0;0,00177950934671909;2,95;0;1;1;0,45;2,95;0;0,45;0,45;0,45;0,451779509346719;2,59650192800817;3,81035179669362;-0,621692840262275;-0,675214936403728;-0,650994097266958
"RSH-StHil-Gre-sec";2021-09-04;247;4,58;43,96;0;14,9;28,9;21,9;47;100;74;4,1;0;11,9;1725,4;0,55;0;0,214808582538603;0;0;0;0;0;0;0;0;0;0;0,214808582538603;2,38169334546957;3,24562741001022;-0,651703474440383;-0,701846516191348;-0,666718000972809
"RSH-StHil-Gre-sec";2021-09-05;248;4,58;43,96;0;15,4;31,9;23,7;34;99;67;4,5;0;13,7;1739,1;0,55;0;0,200823195994382;0;0;0;0;0;0;0;0;0;0;0,200823195994382;2,18087014947519;2,97711668183696;-0,667858791819613;-0,712264893993849;-0,673202192745413
"RSH-StHil-Gre-sec";2021-09-06;249;4,58;43,96;0;18,9;31,4;25,1;43;100;71;4,6;0;15,1;1754,2;0,55;0;0,188302630126188;0;0;0;0;0;0;0;0;0;0;0,188302630126188;1,992567519349;2,72608768684399;-0,684338582302832;-0,722752371372043;-0,679981352530369
"RSH-StHil-Gre-sec";2021-09-07;250;4,58;43,96;0;18;30,2;24,1;40;98;69;4,4;0;14,1;1768,3;0,55;0;0,164928305054061;0;0;0;0;0;0;0;0;0;0;0,164928305054061;1,82763921429494;2,49070939918625;-0,701232230892011;-0,733483792307762;-0,68692513053797
"RSH-StHil-Gre-sec";2021-09-08;251;4,58;43,96;0;17,9;30,3;24,1;30;86;58;5;0;14,1;1782,4;0,55;0;0,171236271194055;0;0;0;0;0;0;0;0;0;0;0,171236271194055;1,65640294310089;2,28454901786867;-0,717396065858839;-0,743749353571399;-0,69356753209426
"RSH-StHil-Gre-sec";2021-09-09;252;4,58;43,96;0,5;17,7;26,6;22,1;47;86;66;2,1;0;12,1;1794,5;0,55;0;0,065966352890958;0;0;0;0;0;0;0;0;0;0;0,065966352890958;1,59043659020993;2,07050367887611;-0,735800753747012;-0,755429393171253;-0,701121838440638
"RSH-StHil-Gre-sec";2021-09-10;253;4,58;43,96;0;18,4;27,2;22,8;43;90;67;3,6;0;12,8;1807,3;0,55;0;0,102489932104367;0;0;0;0;0;0;0;0;0;0;0,102489932104367;1,48794665810556;1,98804573776241;-0,74340379683522;-0,760283537955601;-0,704273027519459
"RSH-StHil-Gre-sec";2021-09-11;254;4,58;43,96;0;14,2;30,5;22,3;35;93;64;4,8;0;12,3;1819,6;0,55;0;0,131211018692319;0;0;0;0;0;0;0;0;0;0;0,131211018692319;1,35673563941324;1,85993332263195;-0,755865720777683;-0,768376127881709;-0,709579780094272
"RSH-StHil-Gre-sec";2021-09-12;255;4,58;43,96;0;17,5;32;24,7;26;74;50;5,7;0;14,7;1834,3;0,55;0;0,145772274161279;0;0;0;0;0;0;0;0;0;0;0,145772274161279;1,21096336525196;1,69591954926655;-0,773136456833317;-0,779441473623804;-0,716773431718488
"RSH-StHil-Gre-sec";2021-09-13;256;4,58;43,96;0;15,4;29,2;22,3;51;95;73;3,5;0;12,3;1846,6;0,55;0;0,0816161283084528;0;0;0;0;0;0;0;0;0;0;0,0816161283084528;1,12934723694351;1,51370420656495;-0,794401393017739;-0,792875905833926;-0,725436194003382
"RSH-StHil-Gre-sec";2021-09-14;257;4,58;43,96;17,1;21,4;27,5;24,4;64;87;76;3;0;14,4;1861;0,55;0;0,0624402985208043;6,05;0;2;2;1,35;6,05;0;1,35;1,35;1,35;1,4124402985208;5,76690693842271;8,97418404617939;-0,461431204364552;-0,521717344944444;-0,553427378218377
"RSH-StHil-Gre-sec";2021-09-15;258;4,58;43,96;64,3;20;25,7;22,8;62;98;80;1,3;0;12,8;1873,8;0,55;0;0,160413539825457;29,65;0;6;7;0,585;35,7;0;1,935;0,585;0,585;0,745413539825457;34,6714933985972;44,2711336730284;-0,162849142251885;-0,235445139933796;-0,300955089943395
"RSH-StHil-Gre-sec";2021-09-16;259;4,58;43,96;2,3;17,7;25,8;21,7;63;96;79;2,1;0;11,7;1885,5;0,55;0;1,27832898480869;0;0;0;6;0,945;35,7;0;2,88;0,945;0,945;2,2233289848087;32,4481644137886;43,3393667482466;-0,166828688353801;-0,239121126452444;-0,304340807934925
"RSH-StHil-Gre-sec";2021-09-17;260;4,58;43,96;0;15,4;27,9;21,6;47;98;73;3,7;0;11,6;1897,1;0,55;0;2,20489028331704;0;0;0;5;1,665;35,7;0;4,545;1,665;1,665;3,86989028331704;28,5782741304715;40,5602055172357;-0,179227468284256;-0,24896981473459;-0,312289668418056
"RSH-StHil-Gre-sec";2021-09-18;261;4,58;43,96;4,5;15,3;28,5;21,9;42;97;70;4,1;0;11,9;1909;0,55;0;2,28658158603416;0;0;0;4;1,845;35,7;0;6,39;1,845;1,845;4,13158158603416;24,4466925444373;35,7228426630894;-0,202986558980178;-0,267510333085145;-0,327064165026639
"RSH-StHil-Gre-sec";2021-09-19;262;4,58;43,96;0;13,7;24,4;19;41;99;70;3,5;0;9;1918;0,55;0;1,71916180316118;0;0;0;3;1,575;35,7;0;7,965;1,575;1,575;3,29416180316118;21,1525307412762;30,5583656805467;-0,2322000310386;-0,289867372259018;-0,344623348758593
